{
    "position":[0.25907421112060547,30.02716064453125,-0.8150670227050781],
    "orbitTarget":[0.25907421112060547,30.02716064453125,-0.8151670227050781],
    "fov":70,
    "near":0.01,
    "far:":100
}

