{
    "position":[0.25907421112060547,30.02716064453125,30],
    "orbitTarget":[0.25907421112060547,30.02716064453125,-0.8141670227050781],
    "fov":70,
    "near":0.01,
    "far:":100,
    "enabled":true,
    "enablePan":false,
    "enableZoom":true,
    "enableRotate":true,
    "maxPolarAngle":1.5708,
    "minPolarAngle":"-Infinity",
    "maxAzimuthAngle":0,
    "minAzimuthAngle":-3,
    "maxDistance":40,
    "minDistance":15
}
