{
    "position":[0.2529301643371582,-1.9382333755493164,-0.8036384582519531],
    "orbitTarget":[0.2529301643371582,-1.9382333755493164,-0.8136384582519531],
    "fov":70,
    "near":0.01,
    "far:":100
}
